ARA,ASSET,ATO,ROA,GROWTH,LEV,SHARE,ST
0.192309634,19.85604835,0.0052,0.087709802,-0.950727316,0.445880057,26.89,0
0.220119957,20.91086312,0.0056,0.016820383,-0.942656324,0.398686374,39.62,0
0.325291689,19.35262341,0.0166,0.042468332,-0.937440417,0.303348107,26.46,0
0.025728678,21.43892774,0.0028,0.01815163,-0.852995319,0.758250185,60.16,0
0.533590893,21.61333919,0.2552,0.004146607,-0.816703929,0.726875299,54.24,1
0.061275206,21.04117011,0.1248,0.051080619,-0.810288401,0.401750312,57.14,0
0.441471658,20.51675708,0.0785,0.060003237,-0.801490036,0.422824133,29,0
0.213081404,20.61706383,0.0606,0.029295059,-0.755937539,0.559262963,29.82,0
0.416292804,20.51603545,0.4747,0.090225874,-0.726220637,0.569279399,36.15,1
0.010403584,21.37770103,0.0643,0.061089344,-0.679994785,0.375268364,49.87,0
0.634684249,20.20880267,0.112,0.032005969,-0.673661076,0.490131711,27.27,0
0.501476997,20.5718533,0.0674,0.05187865,-0.64986085,0.242655012,30.58,0
0.068310417,20.58350214,0.1187,0.111056226,-0.632636764,0.380343512,52.5,0
0.042896615,20.03442823,0.1039,0.024355732,-0.593975962,0.638924541,52.29,1
0.05264031,21.86492839,0.1337,0.030484036,-0.592011661,0.448451148,37.56,0
0.088086891,20.24541167,0.1623,0.10131982,-0.579351319,0.211571028,45.38,0
0.295880203,22.07105241,0.2342,0.005124858,-0.537640418,0.223572934,40.9,1
0.190728207,19.46521762,0.1685,0.102028881,-0.512670541,0.282113396,36.08,0
0.257361259,18.74807498,0.1369,0.00435639,-0.479413266,0.381628908,39.76,0
0.074185867,19.14822071,0.3531,0.042991665,-0.476164854,0.285055948,21.86,0
0.254940709,20.30678627,0.1517,0.038957455,-0.46206155,0.371938398,27.27,0
0.08173224,21.2901707,0.1568,0.038570941,-0.461984021,0.650364933,42.57,0
0.147519326,20.0699651,0.4337,0.014662569,-0.454994145,0.408204114,48.77,0
0.056316721,20.57639243,0.2439,0.073574918,-0.452460823,0.272638549,52.64,0
0.130169211,20.18564796,0.1772,0.041322022,-0.448326543,0.571938358,24.09,0
0.096421321,20.42817493,0.2554,0.050458112,-0.444744774,0.213924136,28.7,0
0.292691009,20.83600604,0.3668,0.077584136,-0.437733038,0.149051377,25.5,0
0.058177477,19.57386752,0.6248,0.054347883,-0.434591944,0.484751763,29.59,0
0.304057498,20.32120962,0.1657,0.056303176,-0.429560977,0.34046721,30.8,0
0.087172482,20.68161933,0.0824,0.036496418,-0.427914719,0.458787716,32.48,1
0.009249134,19.75043189,0.1746,0.061682268,-0.389253449,0.035010084,66.1,0
0.051249806,20.86482509,0.3149,0.05218328,-0.38891439,0.28367001,51.78,0
0.297857318,19.52191069,0.23,0.046474317,-0.388688449,0.624262678,26.1,0
0.539005927,20.93409163,0.2644,0.004930342,-0.375526395,0.373609505,50.41,0
0.033161822,20.94072226,0.2657,0.019497784,-0.355790207,0.155649368,58.83,0
0.023527106,20.07082309,2.3959,0.070585969,-0.344679574,0.139472152,53.21,0
0.023551128,20.1652559,0.49,0.032780145,-0.343752981,0.131572752,58.38,0
0.030638844,20.51378879,0.2568,0.084377891,-0.340930489,0.240052598,58.93,0
0.216374585,20.53056092,0.3467,0.009839698,-0.336056835,0.410801824,56.31,0
0.265268714,21.72521949,0.2709,0.041093567,-0.333469897,0.5844994,72.15,0
0.331992211,20.76035504,0.5616,0.058323759,-0.329663531,0.497772496,22.19,0
0.11310223,20.25780631,0.2385,0.045971846,-0.328486211,0.265944242,69.77,0
0.016848424,21.12853875,0.3686,0.015285095,-0.324670386,0.403418105,31.58,0
0.048768247,22.76456474,0.4345,0.000337088,-0.320050223,0.701277601,68.4,0
0.221854752,21.34461211,0.3883,0.002922307,-0.319387009,0.525526945,63.04,0
0.015640409,21.57289382,0.4918,0.032466859,-0.315228257,0.260736093,50.32,0
0.052301768,18.84472492,0.1183,0.011797062,-0.306728909,0.980321752,29.56,0
0.033620694,20.78092074,0.5029,0.002165781,-0.299163898,0.509428767,22.34,1
0.160946386,20.76275808,0.1666,0.044110619,-0.297330425,0.371707645,20.94,0
0.387724477,19.81747627,0.6471,0.002055536,-0.297287536,0.416492962,37.06,0
0.211452865,20.33396995,0.192,0.055258545,-0.296652639,0.238302633,57.29,0
0.123811429,20.63370766,0.3035,0.029433949,-0.286769151,0.514914818,37.68,1
0.24674946,19.07363796,0.2941,0.038856079,-0.28617591,0.413695505,70.6,1
0.112420041,20.25942276,0.2719,0.076523009,-0.279460311,0.240089559,38.34,0
0.187069287,21.79404073,0.0405,0.010452066,-0.279321786,0.511594091,58.47,0
0.187437318,19.14750726,0.0263,0.042755254,-0.275740242,0.298397433,28.97,0
0.095388523,19.96855456,0.1397,0.064114464,-0.275469275,0.384481841,59.95,0
0.062600354,20.29906911,0.2171,0.040272537,-0.271879312,0.32898149,41.78,0
0.037108268,20.85796074,0.4133,0.021330363,-0.266093199,0.408222223,54.12,0
0.088365301,20.06405283,0.4258,0.043459508,-0.266057042,0.313478247,36.12,0
0.165051319,20.46039432,0.1825,0.054339998,-0.264749072,0.67108401,74.69,0
0.053724007,20.66437446,0.272,0.015095394,-0.235342606,0.411661663,74.32,1
0.371602489,20.37899638,0.7534,0.01093816,-0.233457822,0.608752339,38.93,0
0.173516305,20.58458293,0.2024,0.069753678,-0.230433779,0.477135706,26.85,0
0.02466378,20.27188947,0.4258,0.050166608,-0.230398453,0.494398392,88.58,0
0.053343604,20.48106203,0.4219,0.013979315,-0.22391263,0.671813591,41.09,0
0.209102723,20.15687265,0.2527,0.005880489,-0.221039694,0.352674473,30.95,1
0.102359414,19.85211953,0.3664,0.044236129,-0.219636489,0.379192047,46.36,0
0.016779866,21.40389457,0.9026,0.003495417,-0.21192128,0.461200752,42.39,0
0.071223177,20.63089799,0.921,0.027995655,-0.208493356,0.359947497,36.37,0
0.107157543,19.86320064,0.2909,0.00353383,-0.207800083,0.641922214,21.98,0
0.42314929,19.54621746,0.8391,0.040828347,-0.20494727,0.330030553,60.1,0
0.063926338,19.34915034,0.4894,0.162636061,-0.204386568,0.317522061,25.81,0
0.317701076,20.88331712,0.2926,0.049852119,-0.203185508,0.211795677,24.37,0
0.093858512,21.05958923,0.5911,0.03505497,-0.202212385,0.531182187,29.93,0
0.010406968,20.51344152,0.8873,0.050561019,-0.201960096,0.458154954,9.92,0
0.04186054,20.99710001,0.9196,0.02942563,-0.200206501,0.466808271,56.38,1
0.014397892,20.25300222,1.2848,0.042072868,-0.199926616,0.449588956,37,0
0.047715034,20.49381827,0.293,0.034628546,-0.193575072,0.544763696,64.04,0
0.045406545,19.79159521,0.5339,0.038421356,-0.193093356,0.544705069,41.63,0
0.129304087,19.50102367,0.3268,0.01989134,-0.19238946,0.690486133,29.81,0
0.252331847,20.21276784,0.1582,0.003569154,-0.192252132,0.094297179,33.2,0
0.081343632,20.76043839,0.4767,0.039023326,-0.187324071,0.463203351,50.3,0
0.056596909,20.52717893,0.3404,0.040318227,-0.185385093,0.281600067,52.24,0
0.087325953,20.29810859,0.445,0.037459796,-0.183265259,0.616024494,54.73,0
0.133254004,20.34364548,0.1979,0.017987986,-0.182500748,0.387008063,42.38,0
0.128192989,20.1117254,0.7312,0.00721005,-0.181091023,0.324366066,35.35,1
0.168202249,20.63715389,0.2346,0.019777179,-0.17920336,0.76602737,51.12,0
0.014428423,21.42680492,0.4889,0.014754013,-0.175442046,0.40502161,70.18,1
0.046790192,21.58133241,0.2782,0.05285656,-0.173070145,0.156876244,22.75,0
0.090010094,20.04153419,0.5386,0.085453724,-0.171193059,0.638485099,38.1,0
0.176664857,21.93097134,0.1281,0.006985149,-0.168426634,0.710622175,54.42,0
0.323761037,19.21168445,0.1957,0.060344929,-0.168261169,0.274857003,27.71,0
0.005363736,21.39844917,0.1166,0.044355449,-0.167998707,0.269635601,78.63,0
0.243836063,20.39826431,0.4395,0.002721931,-0.165908169,0.542076967,31.01,0
0.089564578,19.07483656,0.4461,0.030323695,-0.159842514,0.535024634,55,0
0.142151341,20.46300092,0.2676,0.030703617,-0.158746527,0.021103714,45.67,0
0.007367613,19.51487986,0.334,0.046039196,-0.157529294,0.260396061,70.83,0
0.028403075,20.62595582,1.622,0.034864424,-0.156252196,0.580778894,75,0
0.303095306,20.71623724,0.2224,0.039903178,-0.155576951,0.671682941,35.97,1
0.011910615,21.07268814,0.5542,0.004785709,-0.155554019,0.647931343,74.44,1
0.04726274,22.0786054,0.3077,0.027439203,-0.151049965,0.130154229,75,0
0.334599029,19.41434083,0.2361,0.005287963,-0.145406942,0.480428688,43.25,0
0.036263096,21.77895159,0.4968,0.0188752,-0.14292614,0.761334088,54.2,0
0.318560393,20.6589922,0.563,0.101878681,-0.141554776,0.144957115,28,1
0.124017966,19.5939455,0.5472,0.040362892,-0.139695441,0.324440228,40.21,0
0.236340641,21.7518517,0.4976,0.001422842,-0.138413678,0.438434834,49.52,0
0.115671757,21.61111447,0.2165,0.05258932,-0.136766352,0.537122226,14.03,1
0.113530422,19.71918019,0.2543,0.006728227,-0.135175275,0.601645344,42.52,0
0.025703019,19.77147462,0.8065,0.042146083,-0.133821761,0.354117229,53.66,0
0.089753076,20.74965936,0.6195,0.07518768,-0.132537146,0.136397692,75,0
0.104152607,23.52704304,0.6116,0.031824201,-0.129927972,0.216976156,53.62,0
0.288041833,20.48347161,0.2999,0.001361528,-0.129831933,0.787430697,49.24,0
0.008272293,20.00063515,0.2132,0.092149024,-0.129069265,0.102203112,63.65,0
0.040259232,20.50755494,0.4393,0.062183643,-0.126225014,0.359254372,39.4,1
0.017037523,22.34394118,1.4756,0.040293476,-0.117500951,0.611925466,72.07,0
0.123043739,20.45729439,0.5805,0.060924532,-0.116098926,0.167548618,32.07,0
0.100062914,21.47826635,0.2874,0.009075036,-0.11475296,0.557402355,19.29,0
0.047421534,20.13007309,0.4553,0.063986928,-0.114208209,0.254374961,48.11,0
0.107687852,20.30129383,0.4374,0.095915067,-0.112496568,0.084914786,75,0
0.020377887,21.60544832,0.2219,0.061744024,-0.112409622,0.584655316,52.6,0
0.099476111,20.70732646,0.1501,0.069610632,-0.11229664,0.309121932,67.91,0
0.005470357,20.94760074,0.8154,0.130632986,-0.11228021,0.247970237,57.9,0
0.043329061,20.77664968,0.097,0.001235251,-0.111396544,0.750151242,38.56,1
0.171294511,19.94442977,0.3326,0.057350074,-0.10939962,0.51792817,22.77,0
0.111456946,21.20934632,0.2849,0.008065329,-0.109001631,0.599589369,52.92,0
0.237726479,20.25669458,0.2276,0.055050523,-0.105715923,0.200704593,70.53,0
0.153912049,21.92412595,0.4374,0.008295085,-0.100884006,0.529107267,57.76,0
0.058575018,20.46282314,0.9671,0.033398697,-0.09922634,0.478502682,35,0
0.044627154,20.75967512,0.5284,0.010158691,-0.098211761,0.616580431,66.56,0
0.096726522,21.55704602,0.4235,0.049375206,-0.097578857,0.504144821,71.43,0
0.052749409,20.46966755,0.1505,0.020295833,-0.094629129,0.523988364,11.34,0
0.069472031,20.17625455,0.2255,0.015395114,-0.094359947,0.14922025,74.05,0
0.012201236,20.53319198,0.2733,0.067884066,-0.094047407,0.367797067,75,0
0.013446288,21.32337139,0.1017,8.17E-05,-0.093930015,0.15504815,40.48,0
0.073683352,20.83707789,0.4051,0.059334538,-0.09355453,0.105550969,36.14,0
0.186453211,20.00212685,0.2155,0.013251696,-0.092522177,0.307396662,54.34,0
0.252452922,20.82379157,0.5498,0.004059238,-0.09203789,0.440887953,24.6,0
0.010273337,20.68904763,0.3766,0.060699999,-0.091535836,0.444801428,75,0
0.07103709,21.73848504,0.9212,0.005576466,-0.091242316,0.508603216,27.1,1
0.322244984,21.56050488,0.5209,0.050994295,-0.090571102,0.247288326,41.7,0
0.130497521,19.56587075,0.7225,0.070713327,-0.089923216,0.352084369,51.9,0
0.012295918,19.72998696,0.3877,0.059347856,-0.089419022,0.3612588,36.36,0
0.037556745,20.63861747,0.0691,0.036816996,-0.089011834,0.403142472,40.14,0
0.016956018,21.10154588,0.2787,0.081983622,-0.087345491,0.387514229,37.44,0
0.116286872,20.67628408,0.4824,0.112063997,-0.082534762,0.338559785,70,0
0.111562596,21.00700641,1.3809,0.024690242,-0.082004681,0.431847425,33.17,0
0.003763949,22.71864878,0.3319,0.07204192,-0.081575401,0.48321519,84.99,0
0.024155398,20.85895614,0.6345,0.002186191,-0.078110444,0.381328572,63.47,0
0.077056172,22.1755503,0.2247,0.046346489,-0.077566215,0.377911701,48.03,0
0.381946478,19.28003148,0.3875,0.079639498,-0.077384264,0.582730258,28.37,1
0.081145051,21.56917968,0.3249,0.002666034,-0.077102601,0.499525286,48.89,0
0.188479865,21.42348994,0.0768,0.004592169,-0.076113822,0.288404164,19.3,0
0.132956639,20.28916619,0.3439,0.05976942,-0.073948538,0.256653237,40.98,0
0.197880076,20.22077829,0.3674,0.000828561,-0.073063712,0.44776747,47.28,0
0.063735293,20.779971,0.3539,0.046674944,-0.072415325,0.24888778,51.51,0
0.040508785,21.60063641,0.5752,0.030858488,-0.071832379,0.671257802,62.12,0
0.097357264,19.9080417,0.3459,0.042140544,-0.070750415,0.494363905,27.3,0
0.095389455,20.75437068,0.4995,0.011760966,-0.070223532,0.462454186,42.22,0
0.292107148,20.94837503,0.1756,0.003370493,-0.069487793,0.333489848,16.01,1
0.051196459,21.22652284,1.4155,0.034514678,-0.06895743,0.560827988,35.9,0
0.028468134,21.12357897,0.4031,0.046117648,-0.064061331,0.50465324,36.01,0
0.045965952,19.53886389,1.514,0.058627729,-0.063422554,0.42391384,44.86,0
0.054267671,22.78110052,0.5198,0.099739579,-0.0608579,0.197297635,64.23,0
0.006832478,20.92997687,0.1961,0.138371845,-0.060152468,0.150128841,75,0
0.153955417,20.75536995,0.2948,0.043770264,-0.057727118,0.270882551,51.74,0
0.058193942,21.01551544,0.3424,0.149439952,-0.056248124,0.300421977,75,0
0.083109089,20.38952741,0.3821,0.068717666,-0.054129628,0.415549362,20.91,0
0.034319587,21.19456581,0.1817,0.00424811,-0.054087839,0.431947456,46.31,0
0.08314208,20.93298591,0.2549,0.024503886,-0.053210518,0.643348642,19.03,0
0.037135273,21.43869404,0.2133,0.010821757,-0.052488543,0.552778677,63.97,0
0.065149916,21.84962156,0.1744,0.060589764,-0.050986899,0.461437541,54.35,0
0.116960156,19.03313853,0.2158,0.057308222,-0.050589491,0.102368817,66,0
0.049786988,21.0882718,0.1958,0.092960695,-0.050402903,0.333961522,30.61,0
0.165126905,21.81519961,0.5576,0.010464232,-0.049924635,0.553359948,29.75,0
3.62E-05,21.68110529,0.3334,0.063218937,-0.049152807,0.189122389,81.82,0
0.025944375,19.86174192,0.6034,0.059703949,-0.047257823,0.335127584,60,0
0.058155112,21.7090491,0.24,0.068052619,-0.046481071,0.135647276,60.54,0
0.038450124,20.54087339,0.6417,0.049461537,-0.045816469,0.49343396,22.35,0
0.013178824,21.065975,0.3563,0.087655043,-0.045587832,0.15218861,58.88,0
0.066192686,20.78894855,0.7122,0.011991615,-0.045112348,0.521786251,25.65,0
0.071237339,19.92373487,0.2089,0.052479687,-0.044046943,0.393288533,44.37,0
0.108428631,19.66132761,0.2332,0.0450155,-0.043999436,0.314505643,38.84,0
0.059094081,20.91704012,0.4444,0.047646294,-0.043142189,0.416910874,54.55,0
0.007947608,20.55765502,0.3423,0.083320945,-0.039674366,0.124301044,40.32,0
0.077355625,20.91251109,0.6009,0.029669021,-0.038287872,0.407135293,51.92,0
0.08188164,21.28350202,0.4331,0.053989234,-0.037734604,0.445977643,18.06,0
0.035004943,20.36750541,0.7287,0.079239324,-0.036442702,0.285264923,66.67,0
0.1284149,19.54926541,0.6604,0.060515901,-0.036394211,0.266549648,71.08,0
0.023799563,20.76392133,0.5636,0.020444441,-0.033631042,0.679328984,18.02,0
0.083126098,22.81790081,0.8061,0.039119462,-0.033222146,0.516349113,66.75,0
0.038637032,21.45447113,0.6432,0.050404468,-0.032391065,0.493353718,72.5,0
0.260753652,21.65777403,0.5211,0.026884406,-0.030691355,0.448367048,33.08,0
0.009898347,21.41938916,0.2482,0.058896496,-0.02991863,0.429874715,67.94,0
0.019667414,19.43165909,0.2429,0.084171839,-0.029219179,0.354814489,35.9,0
0.009078891,21.08346357,1.1407,0.051940844,-0.029130239,0.337867104,50.36,0
0.032249344,20.26416378,0.5896,0.064051411,-0.028019597,0.199860246,59.27,0
0.254727619,21.05459856,0.4037,0.073336878,-0.026677772,0.380072143,62.96,0
0.214426195,21.90452072,0.3416,0.047644126,-0.02426087,0.554582812,29.8,1
0.05741764,21.04843704,0.6868,0.04595191,-0.023845512,0.356385819,50.89,0
0.015405667,22.19586646,0.9152,0.086337913,-0.023688091,0.419724958,82.09,0
0.193103398,20.08450674,0.3815,0.073288929,-0.020730352,0.289348362,34.8,0
0.13839535,19.97123463,0.2846,0.040156098,-0.020688256,0.383218285,29.76,0
0.078509285,20.42279142,0.918,0.067467919,-0.019580464,0.222682229,61.59,0
0.101933741,20.19453261,0.6613,0.029592848,-0.019144263,0.520746747,24.62,0
0.036347448,19.73712126,0.5727,0.109033605,-0.017333558,0.379647405,54.1,0
0.012916496,21.66259586,1.4487,0.037063203,-0.012864718,0.574312149,36.33,0
0.157176434,20.1657892,1.0144,0.236133168,-0.012099666,0.220862729,63.2,0
0.04736538,21.27308028,0.1932,0.072193949,-0.009935558,0.330997769,21.61,0
0.007021682,20.65562051,0.2839,0.0478573,-0.009331609,0.539452701,64.21,0
0.240669027,21.54465411,0.2857,0.057971008,-0.008438272,0.513503759,27.55,0
0.011717914,21.19494195,0.7713,0.081733504,-0.008417666,0.334685253,74.8,0
0.018127633,21.86926271,0.7494,0.012067099,-0.004014556,0.492809003,51.44,0
0.036441714,21.89308882,0.7848,0.083286852,-0.002844169,0.43262856,63.41,0
0.048127015,19.91048001,0.1678,0.056928202,-0.002795923,0.235706646,36.87,0
0.027878281,20.85930189,0.4073,0.06109364,-0.002498471,0.441824477,45.52,0
0.046180616,19.8495552,0.3742,0.101488597,-0.000958662,0.208158949,66.79,0
0.150118927,21.11195958,0.3052,0.01205288,-0.000516293,0.345247391,35.84,0
0.084989058,20.59054646,0.2719,0.056836364,0.002045243,0.378534487,44.61,0
0.12246476,20.66688376,0.3106,0.068159861,0.002363712,0.157524568,38.74,0
0.24193859,21.12698845,0.1467,0.045150684,0.003720496,0.061964996,49.02,0
0.053252254,20.87596984,0.3947,0.041930637,0.004100873,0.11553438,62.5,0
0.132513306,21.64709493,0.4934,0.066920811,0.005413414,0.493674003,66.67,0
0.06599332,20.29829599,1.4241,0.061048373,0.005605935,0.518540655,51.79,0
0.085214631,20.79495936,0.2582,0.039183639,0.005811309,0.395460607,40.16,0
0.083900059,20.77065549,0.1322,0.045455393,0.006254535,0.515423363,7.38,0
0.190671126,20.49779759,0.673,0.014965396,0.006816004,0.512975007,39.37,0
0.091722579,19.73416129,0.7422,0.029354717,0.008949916,0.187608937,32.54,0
0.043648463,21.49053549,0.4776,0.005515521,0.009302172,0.629290391,57.73,0
0.055646667,21.47663209,0.2151,0.039598648,0.009520607,0.640006245,74.83,0
0.053186959,20.70704356,0.4029,0.004568623,0.009904794,0.502798754,46.01,1
0.037412441,20.52907439,0.6741,0.047105656,0.010476451,0.423300502,59.31,0
0.03823168,20.99857316,0.6933,0.046769738,0.0106956,0.545700456,75,0
0.014128576,19.28390697,1.0832,0.092228,0.01259536,0.272136227,22.88,0
0.096391612,20.53025052,0.2334,0.02856258,0.013813425,0.469051687,33.2,0
0.014217953,20.86946176,0.3403,0.071361796,0.014010223,0.372016618,60.24,0
0.017495275,19.29968623,0.1086,0.062446033,0.014449736,0.022744733,25.83,0
0.017948802,19.95961017,0.3635,0.085660001,0.016190852,0.311873751,70.59,0
0.098861017,20.4251977,0.2931,0.225267918,0.016201728,0.2294465,42.47,0
0.032417368,20.90544032,0.2403,0.040586817,0.016210797,0.335455047,29,0
0.115578936,21.00743718,1.1879,0.056934542,0.016395381,0.41954464,66.07,0
0.005452287,21.56643314,0.838,0.114014292,0.017269211,0.312593424,51.06,0
0.019160832,20.81436808,0.1043,0.088453123,0.018051841,0.257191615,70.97,0
0.023276151,21.44337223,0.264,0.053761276,0.019275407,0.283715673,26.05,0
0.078795264,20.10513446,0.1673,0.038194875,0.019770349,0.160903022,43.33,0
0.066238705,20.34355545,0.4043,0.043891351,0.020070157,0.288343671,50.34,0
0.088720095,19.69572078,0.7983,0.049235488,0.022677559,0.354683172,56.42,0
0.041692844,20.99102433,0.5986,0.066940828,0.024855381,0.395554845,41.8,0
0.045064241,20.56420035,0.5953,0.054404627,0.02550225,0.462769474,53.47,0
0.051411037,20.55369986,0.1964,0.065177862,0.025724036,0.218090506,42.7,0
0.137192152,21.15728656,0.5774,0.096590042,0.026186891,0.320295859,65.96,0
0.119943394,21.84025278,1.4825,0.030902117,0.026373939,0.721852636,45.37,0
0.037491334,20.11868784,0.156,0.019305184,0.027208279,0.70842024,29.43,0
0.014449931,20.84537053,1.1285,0.050597335,0.027434288,0.543632943,27.82,0
0.101322463,20.1414468,0.1388,0.006649725,0.028109864,0.01843107,38.34,0
0.303062578,20.67197955,0.6407,0.040008504,0.029777597,0.934810393,42.93,0
0.01768595,21.21732327,0.5163,0.062006934,0.030311055,0.287988484,50.41,0
0.007490571,22.47523621,0.7121,0.090668576,0.030753775,0.160647661,66.45,0
0.125443989,20.55965924,0.2634,0.022185974,0.031028072,0.408138446,32.74,0
0.162441307,21.31812551,0.5531,0.041559822,0.031504217,0.578100339,61.62,0
0.150755635,20.30325735,0.2619,0.090693524,0.039237966,0.342804797,31.64,0
0.075836808,22.05313555,1.0512,0.082167628,0.039468417,0.255607994,31.44,0
0.017323184,21.08614244,0.3266,0.088882567,0.040234523,0.120511917,44.8,0
0.092410524,21.27179715,0.3078,0.041179884,0.040616706,0.295933336,57.52,0
0.152397562,19.62514646,0.3768,0.019613083,0.040721658,0.683616504,37.94,0
0.019968761,20.90388693,0.7474,0.149201068,0.041508715,0.368415518,41.27,0
0.019126014,21.27343737,1.1046,0.034181881,0.04272523,0.721252305,45.89,0
0.003618558,21.25613852,0.3863,0.055279147,0.042778501,0.083613183,16.7,0
0.150649833,20.69155435,0.88,0.070870567,0.042846058,0.245838896,44.03,0
0.088231032,21.25674645,0.2927,0.089369516,0.04294632,0.234011691,64.61,0
0.064911955,20.00926785,0.7513,0.068179727,0.043096216,0.293402731,25.53,0
0.198123539,19.68161203,0.3191,0.016864931,0.045021668,0.372113955,39.5,0
0.1025043,22.78534624,0.0816,0.003362092,0.045288728,0.409026759,60.03,0
0.11099023,20.35213911,0.4445,0.0815086,0.046396771,0.488731328,31.12,0
0.051757258,22.54394003,0.8243,0.11845118,0.047777411,0.228342437,71.81,0
0.003441375,19.61078415,0.5011,0.066981558,0.047849328,0.16324679,53.95,0
0.062850206,20.75578803,0.5888,0.078225347,0.049226557,0.285307099,40,0
0.221469339,21.37388301,0.3507,0.061533,0.049236955,0.365318696,46.14,0
0.012194857,20.80711267,0.5105,0.025696799,0.049324865,0.195310403,73.37,0
0.07636957,21.04740969,0.4678,0.024647505,0.050474184,0.645366588,31.62,0
0.143375215,20.85042494,0.3231,0.049580622,0.051323568,0.197447405,57.13,0
0.127337998,21.01081234,0.2137,0.061017993,0.051378096,0.214672929,13.07,0
0.062753877,20.00368254,0.3661,0.059259522,0.051477779,0.324084666,43.34,0
0.01692121,21.30649801,0.3308,0.025822449,0.051991321,0.386155554,39.21,0
0.064499978,20.08007185,0.571,0.05018121,0.05228582,0.400969411,53.13,0
0.183107975,21.09938597,0.4602,0.032217927,0.055795748,0.347093232,73.53,0
0.039325606,20.47022763,0.3717,0.063846726,0.056395304,0.333295504,64.29,0
0.092116085,21.45254681,0.3756,0.024533574,0.056575563,0.601879494,69.7,0
0.165846282,20.87010831,0.6209,0.014458388,0.056745591,0.592679509,25.66,0
0.004501038,22.37026823,0.176,0.084782521,0.057110762,0.152216691,52.42,0
0.165000836,20.43417992,0.8047,0.061861327,0.057466158,0.728834852,28.87,0
0.024871213,22.61374039,0.7847,0.038902741,0.057671554,0.674740763,20.05,0
0.167405132,22.06471574,0.5814,0.030859562,0.057969262,0.688027682,77.45,0
0.08264857,20.61744581,0.3393,0.046418946,0.05847727,0.298527902,54.06,0
0.026320085,20.59667601,0.3694,0.055582637,0.059917918,0.454729158,38.8,0
0.017482153,21.0560123,0.382,0.158300476,0.060282393,0.426158409,68.37,0
0.144057226,20.31230655,0.312,0.125349777,0.060874563,0.124399685,32.72,0
0.156157761,19.63237276,0.4245,0.055726604,0.061764692,0.458687148,51.22,0
0.033932316,21.04399589,0.6051,0.082366881,0.062143759,0.204825192,52.5,0
0.147813418,19.64380279,0.4055,0.040795735,0.064662888,0.281587591,30.16,0
0.005997337,20.96042511,0.3208,0.111537662,0.06499603,0.129838061,38.45,0
0.14192285,20.7805584,0.0989,0.038560511,0.066808779,0.169573402,20.8,0
0.205728588,21.15874494,0.3401,0.04855162,0.067162238,0.545625389,25.95,0
0.033857015,19.5097305,0.4257,0.054900542,0.067604642,0.495891389,28.96,0
0.134969971,20.50840308,0.3422,0.050587815,0.068966275,0.393545407,36.11,0
0.133130995,20.67390028,0.3617,0.002176126,0.069576229,0.462852982,14.64,0
0.027038388,23.57395075,0.3855,0.000757921,0.070012772,0.314324376,62.5,0
0.133950841,20.95621603,0.1365,0.040383678,0.070370896,0.120793749,75,0
0.093913185,22.13797343,0.4996,0.069944452,0.071533177,0.310651984,57.3,0
0.021803696,20.80971585,0.3904,0.064502584,0.073835461,0.370335422,48.63,0
0.29122233,19.93999676,0.4519,0.003028353,0.07441228,0.448038387,30.59,0
0.043928616,20.51960266,0.2235,0.063250375,0.07447359,0.13148886,63.76,0
0.006709442,22.36152926,0.0648,0.024433532,0.08042751,0.479291176,23.62,0
0.081466388,20.29740273,0.4639,0.051561213,0.080978387,0.362916424,54.25,0
0.035905391,20.4663228,0.3176,0.08198315,0.081091367,0.141512751,51.06,0
0.054136679,21.65770164,0.5156,0.004513711,0.081581692,0.515226232,38.35,0
0.047021878,19.93747261,0.3108,0.054889398,0.082881218,0.364237019,43.7,0
0.066011322,19.57592563,0.5423,0.037362147,0.082974452,0.451456474,61.88,0
0.080673642,20.55279392,0.2215,0.059291653,0.083618593,0.49803565,26.5,0
0.16846151,20.61580042,0.5807,0.010750258,0.083710026,0.411734147,42.5,0
0.058279,20.04447245,1.3378,0.052855343,0.086538822,0.438614232,23.3,0
0.080313666,20.18171245,0.4185,0.071343513,0.086601469,0.32978361,48.47,0
0.095748015,22.09001389,0.4799,0.03733595,0.086747537,0.502354202,58.78,0
0.220255776,19.65672233,0.5571,0.066924227,0.087876822,0.212711708,39.03,0
0.115767364,20.27012345,0.3724,0.068695107,0.087996942,0.346679426,61.8,0
0.115243369,20.36785673,1.7432,0.065602021,0.08806861,0.355512757,55.98,0
0.045686871,21.89210765,1.1093,0.029817221,0.088919266,0.539883937,14.38,0
0.112080044,20.79496357,0.28,0.042747526,0.08991466,0.383865604,58.3,0
0.108406924,21.99451383,0.5051,0.033364573,0.092387199,0.658217009,49.39,0
0.121651941,21.6779425,1.1029,0.037511028,0.093658248,0.107865468,79.73,0
0.06955393,20.38034308,0.5438,0.003272674,0.093913753,0.405188119,74.82,0
0.00840941,21.11463407,0.7585,0.076456955,0.09411933,0.335270755,74.19,0
0.349141348,21.26828993,0.1969,0.085504259,0.0943147,0.407113763,39.89,0
0.028078482,21.77666563,0.6828,0.049018708,0.094827447,0.535064803,70.44,0
0.006079871,19.91984078,1.205,0.113950761,0.096808246,0.229717516,26.65,0
0.088914657,19.8144556,0.6663,0.052839864,0.09693765,0.553040157,25.59,0
0.118915817,21.29553687,0.8243,0.040850544,0.097662798,0.579707354,39.88,0
0.002844715,20.6060006,0.2343,0.120714501,0.098001441,0.15437014,51.07,0
0.033608853,20.975692,0.247,0.050730895,0.098228391,0.287808239,37.9,0
0.319630643,20.74210825,0.5358,0.011601728,0.099707651,0.654071567,26.48,0
0.201615101,22.333348,0.4446,0.007146941,0.100704936,0.397922669,52.51,0
0.403044571,20.51485769,0.1251,0.053545042,0.101290332,0.497103165,31.02,0
0.185646197,19.34545765,0.2457,0.018202245,0.103274943,0.554082571,28.58,0
0.035535923,20.60187661,0.518,0.105694538,0.104793111,0.119408595,47.11,0
0.103756532,21.95526833,0.2405,0.035964439,0.104831921,0.625210937,43.98,0
0.005515809,20.37546593,0.4269,0.058694725,0.104922799,0.380931776,72.22,0
0.024145638,21.20320571,0.4459,0.043975637,0.106149411,0.3281475,29.83,0
0.08075291,21.9511651,0.9059,0.028989683,0.106211573,0.535587851,42.87,0
0.213243293,20.60777964,0.2914,0.021750822,0.106581973,0.675957584,40.53,0
0.060002674,22.22128499,0.3724,0.006639092,0.106714503,0.771280633,83.75,0
0.032733869,18.77041004,0.5161,0.061038966,0.107358364,0.462556872,19.66,0
0.03874989,20.20718614,0.368,0.020882219,0.107405969,0.417283583,42.02,0
0.126351585,19.07908732,0.2214,0.00439907,0.111707405,0.455109586,28.57,0
0.01449249,19.35510579,1.014,0.025178183,0.113877876,0.28961064,28.81,0
0.041912306,20.30305227,0.249,0.132126978,0.114035269,0.267802311,48.75,0
0.178833944,19.62846925,0.3154,0.047027839,0.114204308,0.530353971,28.8,0
0.379039459,20.7626631,0.917,0.028383507,0.114362763,0.357033006,38.68,0
0.089494033,21.76536193,0.4927,0.037378086,0.114404229,0.441375895,69.25,0
0.067567273,20.84823918,0.7686,0.084194695,0.1144621,0.154913238,26.23,0
0.041376196,20.15173439,0.2925,0.085567868,0.115496235,0.451729131,10.95,0
0.04371648,21.12178099,0.7384,0.052098439,0.115719777,0.493065364,30.02,0
0.029050839,19.63197753,1.1643,0.109370509,0.116822827,0.091155925,38.85,0
0.097598144,20.73826038,0.2025,0.046309412,0.117496169,0.351571107,20.46,0
0.021953033,20.71941064,1.1552,0.089619781,0.119048109,0.263099183,22.52,0
0.055783517,21.84053853,0.0845,0.095869901,0.120159345,0.166248502,39.01,0
0,20.36232923,0.1931,0.084120658,0.121353693,0.193940878,30.41,0
0.09447793,20.63414226,0.1485,0.005865833,0.122524234,0.76482649,39.01,0
0.0832262,20.98628038,0.6938,0.077640469,0.122807352,0.268272642,70.44,0
0.039791047,21.08176807,0.5599,0.065245079,0.123446327,0.367922632,43.81,0
0.220115568,20.2546113,0.3243,0.030553854,0.123815714,0.663803741,61.32,0
0.046374273,20.38616933,0.4845,0.083207205,0.124620509,0.547579792,38.6,0
0.001298613,21.63902621,0.3104,0.073690329,0.125712406,0.325241626,37.29,0
0.189463055,20.60246267,0.4353,0.035293363,0.127489474,0.415996549,47.21,0
0.019319819,21.57445486,0.7904,0.21901512,0.128687032,0.25194899,36.36,1
0.058277927,21.57701931,2.262,0.002162966,0.128695646,0.351809611,80.95,0
0.027917359,20.82877902,0.5411,0.07907039,0.128963922,0.091534225,74.58,0
0.007566164,21.72938095,0.6954,0.084446386,0.130872678,0.455036236,70.08,0
0.105507956,21.30436096,0.5438,0.035266014,0.131701407,0.42532005,27.52,0
0.049532994,20.75292436,0.2561,0.04712383,0.132054384,0.517930549,29,0
0.011059466,20.07716153,0.5309,0.010017313,0.132613319,0.409413443,17.08,0
0.027010854,19.6842378,0.4079,0.00921591,0.133999764,0.086832318,65.9,0
0.011254596,22.95436921,0.6151,0.057474257,0.134152505,0.443444302,67.64,0
0.082314157,22.3429278,0.3135,0.057701363,0.134240459,0.485199041,59.61,0
0.292512863,20.33516139,0.3435,0.013237417,0.13462139,0.383054622,56.37,0
0.101877265,20.41901548,0.4083,0.034635667,0.134699285,0.623260267,66.71,0
0.063518088,20.18661421,0.3952,0.106367462,0.13516927,0.661351737,37.66,0
0.017993705,20.99563533,0.5372,0.08676014,0.135690333,0.343856901,71.19,0
0.108930839,20.2980397,0.4416,0.034964205,0.136395391,0.366389147,34.48,0
0.045545061,20.38086804,0.7714,0.044714955,0.136490582,0.424600023,29.68,0
0.006125249,19.43095031,0.6019,0.054533065,0.136643568,0.107066481,43.23,0
0.203919554,20.52137097,0.2921,0.077176319,0.139147539,0.229645267,34.22,1
0.110140794,19.94695796,0.6661,0.063172203,0.139690408,0.38263074,26.4,0
0.018664586,20.60893656,0.5702,0.078115954,0.140085273,0.29556049,49.86,0
0.13533544,20.39026009,0.4436,0.006469446,0.140388184,0.726665111,62.39,0
3.34E-05,21.61242087,1.2482,0.075309734,0.140934723,0.175248588,75,0
0.004047409,21.64961977,0.6004,0.115430505,0.141382143,0.044103511,68.2,0
0.093886128,22.09952419,0.5468,0.023885205,0.141869491,0.693504537,54.5,0
0.002915037,23.1296012,0.8315,0.043728383,0.146089737,0.570603288,84.98,0
0.083671125,20.89646898,0.3557,0.084368622,0.149300151,0.394153846,31.66,0
0.06630791,19.89829576,0.4077,0.084627956,0.150184948,0.093966749,40.01,0
0.068971014,20.23916165,0.5082,0.045137522,0.151960501,0.474357654,33.2,0
0.012298009,21.64219638,1.2263,0.085221962,0.153255055,0.477168999,78.75,0
0.016764484,22.06415335,0.8514,0.081915197,0.153429073,0.420564565,55.96,0
0.055122489,21.36806884,0.2847,0.097381882,0.153746558,0.211691321,25.16,0
0.12616647,20.09950195,0.3021,0.041893843,0.156736679,0.328749791,58.76,0
0.048578332,22.17303954,0.1992,0.023951599,0.157754172,0.647638858,73.52,0
0.1850552,20.69694987,0.6918,0.100943923,0.158268399,0.431836286,57.46,0
0.029791185,20.59651961,0.4654,0.067202584,0.159994242,0.365471318,66.67,0
0.127918625,19.81106886,0.4369,0.050227468,0.164613552,0.408289174,33.24,0
0.017560803,20.4612633,0.4427,0.084236727,0.165481908,0.204687416,40.99,0
0.131868878,21.19188281,0.3,0.11253752,0.166113619,0.275297713,73.33,0
0.089500355,21.98128889,2.1177,0.038115342,0.16812564,0.528442983,71.7,0
0.060137743,20.43789618,0.9619,0.056605634,0.168366284,0.350747815,53.56,0
0.015847404,21.16756295,0.5261,0.074064143,0.168426324,0.312612729,62.93,0
0.056125623,20.79929876,0.4277,0.048750045,0.169443614,0.580056465,26.34,0
0.031113737,20.36965377,0.548,0.029014057,0.17033858,0.187348748,58.93,0
0.025568247,20.47556078,1.8714,0.087717111,0.170744354,0.382909952,48.35,0
0.122237615,20.73394626,1.3677,0.034743094,0.172545088,0.549293198,65.39,0
0.010003261,20.574287,0.4148,0.089322056,0.173095892,0.11677313,41.4,0
0.225810957,21.0203498,0.2265,0.010329137,0.173942398,0.41433343,57.36,0
0.002483094,21.41513292,0.3134,0.063252119,0.174532242,0.352681303,21.91,0
0.007928542,20.89977157,0.7001,0.11674325,0.174621979,0.364011371,75,0
0.023130394,22.08907652,0.8443,0.165613353,0.175687145,0.382352157,75,0
0.17557515,21.09689428,0.298,0.01006222,0.175831818,0.621823328,15.69,0
0.002358741,20.79016473,0.4937,0.051819287,0.177217629,0.140733149,54.55,0
0.059724294,20.91228566,0.399,0.069788895,0.177409111,0.425521757,56.6,0
0.016486922,22.14454728,0.1806,0.143509162,0.177457891,0.055540487,66.67,0
0.103337837,21.11013662,1.0376,0.04968049,0.179027294,0.453916273,20.11,0
0.125018338,21.1784226,0.41,0.046945358,0.180459304,0.230926998,39.23,0
0.00969558,23.00252198,1.0366,0.050927104,0.181156114,0.621910798,29.06,0
0.06861182,20.46897437,0.5986,0.059341462,0.181453881,0.44103912,68.75,0
0.02765753,22.20046158,1.2734,0.075939373,0.181634819,0.248225288,54.23,0
0.065472314,21.97470494,0.5557,0.026800002,0.183113861,0.660477498,28.02,0
0.080778462,20.47784174,0.4963,0.007936909,0.184999617,0.424394363,54.91,0
0.080282601,20.98736964,0.2905,0.004396565,0.185687772,0.507980695,46.35,0
0.011499522,21.28150132,0.2168,0.041455296,0.188609832,0.313536396,58.84,0
0.022976796,23.4880966,0.6916,0.009361508,0.190664874,0.613809001,70.25,1
0.047231003,20.98205331,1.8534,0.089796445,0.191112347,0.312735724,71.1,0
0.016966432,21.47919103,0.4904,0.097501117,0.191798115,0.5359641,46.69,0
0.083848545,21.18153667,0.8775,0.06347798,0.192334165,0.402889172,68.21,0
0.159125788,20.59005425,0.3101,0.053939416,0.192881565,0.480876552,57.14,0
0.012539264,19.96773896,0.57,0.057014915,0.192952783,0.455583818,41.69,0
0.075603353,21.10370162,0.4119,0.10825724,0.195117327,0.18504667,28.32,0
0.034185832,24.01761075,0.3833,0.007718972,0.195293163,0.742515112,61.64,0
0.009187356,19.44157714,0.2822,0.073619032,0.195439277,0.380634872,37.86,0
0.017343324,20.68715467,0.5385,0.064868208,0.198845176,0.387720361,54.35,0
0.028639771,20.55238104,0.2579,0.075216672,0.199165661,0.257730661,61.51,0
0.185107013,19.34776866,0.1067,0.019374337,0.199737257,0.319641929,14.5,1
0.024503684,19.03696302,0.3932,0.110389551,0.200403111,0.261359449,29.41,0
0.13423101,20.52872815,0.3494,0.104654096,0.200643874,0.157169784,48.5,0
0.042898861,20.53870238,1.3006,0.066398528,0.200898088,0.463413623,24.17,0
0.03155721,21.95403306,1.2638,0.066930758,0.201831506,0.682717477,55.35,0
0.082442294,20.71615331,0.4848,0.064978396,0.201890759,0.305099428,68.29,0
0.11034746,20.6700834,0.5552,0.047960945,0.202433836,0.557446683,25.15,0
0.320679132,20.70303673,0.6139,0.028272267,0.202500858,0.532965242,46.54,0
0.112058221,20.42498244,0.4068,0.074182825,0.204270884,0.196284789,53.2,0
0.033237536,21.64525924,0.433,0.050236083,0.204608091,0.529735957,41.96,0
0.097034762,20.42344258,0.4146,0.046429825,0.204862799,0.496089499,69.16,0
0.007934547,20.68413777,0.92,0.23298585,0.205202051,0.250101029,30.29,0
0.064563624,19.92329066,0.2338,0.057409987,0.205589619,0.124907021,55.33,0
0.142768481,20.91568184,0.3133,0.056922516,0.20582653,0.481811244,65.22,0
0.052256226,20.10642242,0.5625,0.089654045,0.207421684,0.174735836,61.79,0
0.09551536,19.90825115,0.318,0.008256361,0.207945972,0.235621726,58.09,0
0.102633888,20.75935607,0.882,0.052227456,0.208120504,0.497711435,19.9,0
0.277399233,19.83939102,0.6079,0.073035483,0.211910256,0.441284268,51.99,0
0.114661989,20.13870924,0.8642,0.038764605,0.212602671,0.496533726,24.2,0
0.00949918,20.82722624,0.2733,0.003348032,0.213074772,0.299191612,75.82,0
0.09600242,20.33976515,0.2847,0.043025083,0.213865598,0.412589736,52.08,0
0.073520224,21.14853555,0.7507,0.052267159,0.214528731,0.614298655,38.4,0
0.022533319,22.31294422,1.4096,0.058706703,0.215283313,0.582083436,63.16,0
0.001155302,22.6650733,0.9931,0.041779773,0.216222882,0.220818523,52.57,0
0.070387909,21.27426459,0.4423,0.14985732,0.217141113,0.129208476,82.4,0
0.003590069,20.6135456,0.7219,0.042417986,0.218575839,0.57986539,60.85,0
0.050702443,20.69796885,0.6142,0.032052215,0.219878888,0.47542009,17.17,0
0.152079702,21.9664027,0.6581,0.000317604,0.223151854,0.593489116,42.61,0
0.009906077,20.8353625,0.5442,0.063089477,0.223538148,0.640824541,24.89,0
0.220049363,20.32264883,0.4547,0.005958374,0.224209571,0.626374658,52.55,0
0.002366679,19.98137847,0.4956,0.058222461,0.225212933,0.450898813,72.67,0
0.119187864,21.11559306,0.9389,0.043544858,0.225660835,0.645664683,31.03,0
0.053162616,21.32403175,0.5561,0.068952572,0.22659971,0.357600355,74.82,0
0.066496437,21.88140489,0.8353,0.065763224,0.227241038,0.365071974,27.84,0
0.032666155,20.64800313,0.6647,0.046180568,0.227401869,0.340057483,35.74,0
0.082679799,20.78990076,0.4057,0.091666312,0.228135476,0.163843996,70.2,0
0.002991787,20.55751319,0.4966,0.087495306,0.228856214,0.301082556,32.06,0
0.127396286,19.9615923,0.9434,0.041999635,0.229529045,0.678232153,68.44,0
0.040218651,21.06484931,1.3618,0.03960276,0.233423503,0.608752825,59.32,0
0.00738559,20.24851452,0.9099,0.100040795,0.233931168,0.257524767,70.59,0
0.076437603,21.62433972,0.8477,0.037896127,0.234266195,0.572187947,49.41,0
0.056223084,20.64965851,1.4212,0.156880946,0.234579847,0.333917273,26.42,0
0.189331044,20.96281312,0.7373,0.001052306,0.235339375,0.793781313,24,1
0.037921362,20.71153574,0.7084,0.071524716,0.23821945,0.351483861,19.53,0
0.163509762,20.92768528,0.8135,0.077397312,0.2400596,0.26546803,35.17,0
0.011249907,19.92893777,0.4575,0.067569632,0.240720588,0.264513351,64.86,0
0.299096158,20.02328535,0.3071,0.039233978,0.241073626,0.368858411,27.3,0
0.014005795,21.62223513,1.2136,0.048386034,0.241230737,0.420766018,69.26,0
0.121239457,20.23949789,0.3853,0.045329007,0.241321402,0.380791227,20.91,0
0.082619439,19.73659265,0.3507,0.0512572,0.241416416,0.322990513,25.53,0
0.115582037,20.00423922,0.5283,0.043963261,0.24162718,0.356753459,44.09,0
0.164279677,20.42096345,0.371,0.077803047,0.242149643,0.583058327,48.37,0
0.037328144,22.27250053,1.0595,0.027377707,0.242387414,0.623290863,45.18,0
0.064798634,19.84437754,0.6579,0.114838093,0.243384486,0.303318132,23.03,0
0.031476106,20.24325309,0.7883,0.067234581,0.244186213,0.408263029,35.65,0
0.093777632,21.03882804,0.3382,0.066730714,0.245045007,0.418875215,62.4,0
0.06923213,21.83215992,0.3925,0.034761476,0.247114608,0.58966761,62.8,0
0.007075967,22.8735839,0.4002,0.097187187,0.248819066,0.25378119,51.79,0
0.173683474,20.09817494,0.5236,0.084200217,0.251718736,0.295149287,29.62,0
0.036094964,20.53678022,0.169,0.02067467,0.252506233,0.227277865,39.26,0
0.039887876,23.16583615,0.6151,0.065610219,0.255977877,0.270021964,42,0
0.003307379,22.52428952,0.402,0.118403674,0.256972451,0.326185164,70,0
0.039698878,19.38003461,0.2807,0.107784214,0.257315141,0.108313006,43.58,0
0.013256558,20.93214171,0.5613,0.077163939,0.260362416,0.451240659,65.79,0
0.108385452,21.16657104,0.7278,0.001057513,0.261137573,0.374845092,12.72,0
0.062409432,19.64500046,0.7498,0.061807474,0.262991577,0.262696564,32.4,0
0.052598097,20.79065921,0.5545,0.002510686,0.265664554,0.463801147,39.57,0
0.155887955,19.59785665,0.6766,0.141562765,0.266321886,0.385259584,29.95,0
0.348653737,22.98770454,0.5586,0.022977577,0.268820576,0.756281996,51,0
0.012118166,20.33515878,0.7163,0.094180817,0.273790829,0.21315419,57.15,0
0.037679993,19.6738047,0.5887,0.106840199,0.278198604,0.338950315,67.08,0
0.135530649,20.66831695,0.1878,0.045192047,0.2798895,0.549755309,18.24,0
0.06657519,19.91247799,0.5643,0.060388095,0.281212769,0.555687141,56.32,0
0.037924566,20.501771,2.159,0.090991902,0.281616702,0.53080131,35,0
0.040006494,22.22615686,0.6392,0.050980955,0.28372961,0.522475876,9.35,0
0.034105598,20.84401143,0.4361,0.006164074,0.286872417,0.619127201,47.76,0
0.170087958,20.93567258,0.3195,0.045946908,0.287085723,0.402491602,26.98,0
0.037594836,21.9425653,0.7501,0.062476655,0.289805718,0.533399303,59.24,0
0.10221586,22.01176051,0.2704,0.042947769,0.289960402,0.290866492,33.29,0
0.069082317,21.43718245,0.2696,0.05166267,0.291864319,0.358740909,73.79,0
0.014418637,21.17402202,0.6475,0.123450814,0.293205676,0.273057288,32.65,0
0.03076394,20.07060278,0.8161,0.05689621,0.293289269,0.196607617,51.6,0
0.06875868,21.53957266,0.284,0.04649485,0.295204147,0.413889982,14.08,0
0.130934848,20.34623674,0.3396,0.044697276,0.295831597,0.442066938,66.45,0
0.005415776,19.90125612,0.3128,0.098202338,0.298149169,0.363740483,75,0
0.081814491,20.11115385,0.3973,0.070627166,0.298248537,0.304315995,18.96,0
0.03527492,23.81013847,0.6567,0.033677135,0.298318884,0.396320097,55.56,0
0.02881391,19.83181994,0.4783,0.087474817,0.298748814,0.436735803,75,0
0.025768565,20.57038407,0.5155,0.107380041,0.299811485,0.234376367,63.18,0
0.090032064,20.99266815,0.4398,0.031114266,0.30205715,0.536306426,35.29,0
0.069895711,22.67181373,0.6232,0.046059642,0.302129842,0.50136347,37.25,0
0.095442405,19.95002869,0.725,0.110323343,0.302570947,0.2087879,48.38,0
0.036953646,20.66794193,1.2115,0.078225599,0.30276426,0.530095921,27.11,0
0.143618358,19.95826498,0.4063,0.052333414,0.307572343,0.488009842,33.69,0
0.068343946,20.91464666,0.4235,0.074068908,0.307924793,0.371799412,32.87,0
0.104736188,20.01579562,0.6579,0.07830949,0.310838299,0.253045424,58.31,0
0.26978181,21.78054941,0.2856,0.018115775,0.311522539,0.476199575,57.14,0
0.461648128,21.0380789,0.3685,0.03615547,0.311527398,0.449495767,38.92,0
0.032428419,20.09576746,0.436,0.139577182,0.312006395,0.19523059,45.71,0
0.006453931,19.9585575,0.5255,0.060918199,0.312392018,0.254673596,54.75,0
0.047512973,20.3431526,0.2795,0.059619516,0.31327273,0.453135366,43.86,0
0.10068653,19.99993147,0.3394,0.020640015,0.31547913,0.361117097,22.06,0
0.035993435,20.07046313,1.4208,0.195014068,0.320927772,0.212336115,69.7,0
0.138534566,21.97673947,0.9454,0.015050873,0.321062866,0.559526668,74.76,0
0.02473043,20.79737728,0.3482,0.029954358,0.328975583,0.547129439,22.61,0
0.402858095,21.67929692,0.3889,0.016675416,0.329900961,0.665661362,60.08,0
0.084958544,20.4627789,0.332,0.040668859,0.330441671,0.258263384,69.17,0
0.083410945,21.61571695,0.323,0.045945505,0.335186933,0.462496662,30.04,0
0.077297213,20.45446639,0.3865,0.107805872,0.335534673,0.500106693,28.2,0
0.073068165,21.42753492,0.2252,0.00209439,0.337526755,0.642753616,27.9,0
0.031710677,20.26927331,1.2412,0.168737685,0.340125877,0.258823933,30.38,0
0.063399655,21.81674007,1.3848,0.03423534,0.34167297,0.690140569,38.59,0
0.054996599,20.27344474,0.1893,0.041142062,0.347538236,0.382110005,53.54,0
0.013173702,20.17455282,0.3021,0.0588353,0.349964028,0.200243751,44.06,0
0.070635816,19.65571936,0.4679,0.119953265,0.352999271,0.431768094,44.8,0
0.118551597,20.25528083,0.3325,0.033248439,0.358562947,0.569901004,66.24,0
0.004458053,21.25366842,0.4545,0.062672101,0.35968409,0.290109363,30.46,0
0.019910961,21.33196478,0.3161,0.025244728,0.366516285,0.316854068,64.71,0
0.006858882,20.93670998,0.6251,0.102234378,0.366637932,0.435799102,26.05,0
0.150292684,21.04080855,0.4344,0.033801801,0.368759343,0.690774107,51.41,1
0.06637803,20.28053678,0.1376,0.048369775,0.370909914,0.679752658,71.25,0
0.080151751,21.90012377,0.3133,0.057647325,0.37124764,0.406365713,24.74,0
0.005781305,22.15848659,0.7541,0.112272874,0.372153919,0.337018662,51.43,0
0.001365084,20.34216275,0.4222,0.089600031,0.374435847,0.134350779,52.25,0
0.056719876,20.49349727,0.7577,0.064578716,0.377903779,0.498553205,29.56,0
0.046520552,19.89528838,0.9248,0.053682401,0.38112072,0.45867573,28,0
0.200510011,19.7146823,0.2773,0.061826959,0.382286353,0.26110344,24.17,0
0.041382048,20.95959455,0.5005,0.070886943,0.384224847,0.552976496,25.88,0
0.129812901,19.75584314,0.2913,0.086616663,0.391490949,0.483164152,15.23,0
0.037187046,19.72015185,0.4368,0.045273718,0.391764668,0.47190615,29,0
0.013268376,21.26692943,0.651,0.006427292,0.396352815,0.227122191,67.03,0
0.017379264,20.50611084,0.3709,0.021169015,0.398354629,0.328506728,74.56,0
0.102328577,21.25102774,0.5281,0.003502124,0.398464623,0.397204363,69.87,0
0.034039592,21.17390388,0.4682,0.080048318,0.400290939,0.22225347,29.78,0
0.113162355,21.02674121,0.3817,0.087457415,0.407206691,0.666178303,22.32,0
0.177025363,19.61187446,0.3083,0.051717023,0.409540568,0.2104639,28.66,0
0.075534543,20.24283144,0.4493,0.059501226,0.414052676,0.52012734,29.88,0
0.194019217,22.43919926,0.2931,0.018954998,0.414394549,0.521501812,59.87,0
0.048670926,20.45096183,0.3046,0.043985826,0.415324763,0.461142529,47.09,0
0.152193563,20.22159375,0.2607,0.079408884,0.415628852,0.275072951,47.39,0
0.086274245,20.48731659,0.3739,0.016233082,0.418131048,0.738579869,49.15,0
0.043902507,22.36662552,0.4728,0.017297614,0.419526181,0.510988212,44.42,0
0.050587115,21.32810057,1.6947,0.068903994,0.419630802,0.61777999,47.66,0
0.020311679,20.52281268,3.1513,0.079265808,0.42188184,0.534012361,46.19,0
0.254686033,20.82051281,0.2271,0.032086695,0.424447114,0.480346482,21.16,0
0.076081804,19.59777636,0.3113,0.066210194,0.428375653,0.34323084,66.72,0
0.084979409,19.28966952,0.9998,0.069079863,0.429135284,0.445371187,64.68,0
0.113762832,20.75942435,0.2563,0.028083327,0.431945961,0.539294179,29.34,0
0.061881145,20.15092097,0.2617,0.05125876,0.432471453,0.57014468,44.73,0
0.014128674,18.66070036,0.1622,0.311129979,0.433593235,0.505191752,30.99,0
0.093991169,19.97761694,0.3048,0.063699079,0.440727218,0.402305265,20,0
0.107025127,20.87907822,0.7223,0.094871787,0.45073038,0.381637702,28.78,0
0.024913257,19.97640867,0.4904,0.001502379,0.457707216,0.635403974,68.75,0
0.331483457,20.85127818,0.4678,0.078346934,0.472646505,0.346432384,39.09,1
0.018915152,21.13674329,0.5531,0.101356107,0.475345123,0.364818958,58.77,0
0.010258359,22.90357533,0.6577,0.053745932,0.479854896,0.470343346,82.05,0
0.034549946,20.75294323,0.3026,0.08615504,0.480174953,0.485125862,33.25,0
0.04969932,22.11049235,0.8855,0.070772138,0.48222729,0.454384987,60.19,0
0.0322809,21.24008121,0.2186,0.152275531,0.482946424,0.232222152,66.67,0
0.1259012,20.9720477,0.4388,0.084756034,0.487259588,0.391675595,26.39,0
0.158401643,20.03804015,2.3811,0.032348102,0.493213922,0.708789315,57.48,0
0.037103629,21.2369101,0.9904,0.078624858,0.495682872,0.342699159,70.18,0
0.246314097,19.35214998,0.4235,0.07369844,0.496209323,0.12911195,65.81,0
0.089469597,20.25956106,0.4236,0.051458613,0.497635262,0.566480092,26.62,0
0.039687692,22.31112422,0.1755,0.00630937,0.515033365,0.726547949,11.64,0
0.04157203,20.88431313,1.0537,0.046278978,0.516213955,0.324654307,42,0
0.004604679,20.8195859,0.4259,0.058232866,0.524686842,0.282837018,66.28,0
0.086205555,20.1273608,0.9057,0.060700616,0.527204984,0.242463405,35.09,0
0.138005507,20.87831089,0.1461,0.031740282,0.52721816,0.685975139,15.54,0
0.104458351,20.36082333,0.4183,0.039125056,0.529169329,0.405749258,28.56,0
0.197708022,20.72822162,0.5977,0.11559539,0.529183496,0.408888372,23.47,0
0.029093202,20.59414057,0.5437,0.04519133,0.529363382,0.577953603,22.28,0
0.111594225,22.20820151,1.0164,0.035770276,0.534135165,0.665628674,40.92,0
0.357865764,21.16212993,0.3947,0.009260497,0.539109778,0.627908308,51.04,1
0.055513793,19.88326754,0.7805,0.062597359,0.541068801,0.375377909,32.02,0
0.035308494,21.91306979,0.8651,0.026990999,0.542398509,0.723254873,67.45,1
0.036440049,21.23031036,1.2046,0.021698474,0.548008254,0.462951022,35.88,0
0.033320948,21.4169454,1.2002,0.052279109,0.549006531,0.55432038,48.5,0
0.148040571,19.48277705,0.7279,0.062806644,0.551442888,0.390674655,10.01,0
0.069167998,22.08070496,0.2394,0.04112249,0.554472922,0.550016516,39.58,0
0.000349777,20.64821905,0.1818,0.068995124,0.556984776,0.184430629,61.74,0
0.096699474,20.28372522,0.8954,0.124319216,0.558087626,0.621275491,45.05,0
0.01505491,20.07256971,0.5158,0.042183119,0.561027823,0.355626376,68.34,0
0.048472345,21.06328562,0.6153,0.060975851,0.56106541,0.467137086,75,0
0.048689572,19.99396775,0.4521,0.038876217,0.573413228,0.672459757,67.63,0
0.037426828,21.04423635,0.8723,0.084491717,0.575414856,0.314118003,64.08,0
0.140352254,19.6744849,0.4458,0.067323205,0.581474779,0.441063921,27.65,0
0.089871676,21.42202675,1.6901,0.060841502,0.582660289,0.608902655,72.97,0
0.022249441,21.08355017,0.5932,0.062972069,0.582748155,0.525392152,75,0
0.03780043,20.54280276,0.1727,0.063137342,0.583587467,0.313602248,22.89,0
0.174315323,22.22050951,1.2955,0.065783447,0.589712176,0.562601601,26.32,0
0.394392529,19.39958681,0.1256,0.004507928,0.592671346,0.505769569,50.96,1
0.080688359,20.4601493,0.5258,0.113371192,0.594685002,0.25814756,45.64,0
0.120576331,20.98622049,0.2501,0.063634346,0.595262675,0.448279829,12.41,0
0.12055346,20.62215368,0.7695,0.268112351,0.597822511,0.336760393,29.77,0
0.007598401,20.61096539,0.6932,0.179133878,0.604703179,0.062914707,63.16,0
0.046055909,21.4686194,0.3183,0.065547548,0.611264196,0.623237801,74.5,0
0.051277564,20.07499181,0.3402,0.06904206,0.612058321,0.310911368,45.31,0
0.094842306,20.27300822,0.6626,0.033166461,0.614540913,0.568458974,28.7,0
0.191028098,20.58602373,0.7011,0.054212847,0.616129126,0.483918383,62.31,0
0.032955189,21.3230895,0.4062,0.105959797,0.637579469,0.286719192,45.64,0
0.14379202,20.03286711,0.3784,0.139837972,0.639778148,0.227412807,28.08,0
0.118793736,20.36216046,0.5939,0.019358411,0.66081854,0.478118244,55.21,0
0.075067759,20.99005864,0.6415,0.014955646,0.660903664,0.488605846,35.02,0
0.043317402,20.83889554,0.25,0.047508714,0.671282051,0.424584937,71.81,0
0.057040634,21.06026385,0.4327,0.049754146,0.69067009,0.543399774,11.97,0
0.060414968,21.56453626,0.4706,0.049639744,0.6907834,0.518084864,55.75,0
0.070692278,21.03437027,0.4346,0.055118477,0.707413804,0.494459875,57.52,0
0.044992189,20.61727958,0.3087,0.065818817,0.708400702,0.485042381,35.34,0
0.11537549,20.41012673,1.1648,0.042404106,0.711077667,0.659930393,64.51,0
0.071523449,20.39630251,0.5435,0.055740387,0.728005273,0.415387773,42.13,0
0.055971864,21.7465901,0.5972,0.049659368,0.739605121,0.594326376,34.58,0
0.023926978,21.25737108,0.9823,0.134089862,0.763242173,0.480250065,64.05,0
0.12246755,20.00768206,1.2565,0.09620818,0.787090457,0.49878545,29.03,0
0.032439555,20.28348453,0.2818,0.080086521,0.798481971,0.16873229,50.44,0
0.154517213,20.07028606,0.5301,0.048825601,0.798755515,0.558300826,4.16,0
0.010463001,21.48730518,0.4671,0.02962482,0.80388344,0.654239385,74.2,0
0.027592023,19.7245912,0.6439,0.077702592,0.819449556,0.349570196,28.92,0
0.088748147,20.68322134,0.3642,0.083449884,0.826862562,0.498487477,41.02,0
0.053889109,20.39532613,0.5407,0.079997395,0.832851564,0.223883785,47.6,0
0.05625555,20.13419053,1.6309,0.133992579,0.848326067,0.174852722,48.6,0
0.05309564,21.86723847,0.3831,0.036794304,0.848639165,0.519114031,34.88,0
0.1830397,20.70321879,0.5747,0.035651997,0.853164671,0.63228555,42.2,0
0.107530736,20.16696466,0.4837,0.108923461,0.85768385,0.284874129,59.5,0
0.006187931,20.28557928,0.4188,0.100559287,0.859235911,0.152236813,50.2,0
0.291440734,20.92626871,0.2545,0.096162257,0.861705777,0.50251878,28,1
0.042224433,21.50765134,0.2693,0.055075451,0.866932963,0.409807954,29.36,0
0.144325333,20.32305289,0.519,0.006177676,0.870618521,0.608480591,20.1,0
0.220897236,20.25571623,0.3489,0.052506399,0.879454837,0.336288689,69.06,0
0.048483445,20.97908367,0.6626,0.235083859,0.899764378,0.138105086,32.21,1
0.008027619,21.03037063,0.3049,0.076890305,0.901304601,0.117824825,40.72,0
0.03136483,20.93489411,0.6198,0.044705709,0.934814547,0.551178434,25.7,0
0.047767152,21.37908011,0.4171,0.04598407,0.961724243,0.569294336,51.91,0
0.347969851,20.26767798,0.3379,0.038352813,0.968819029,0.579556892,17.35,0
0.150982928,20.96514018,0.4694,0.037473113,0.969978354,0.588504853,27.79,0
0.120014254,20.77783615,0.5145,0.062225327,0.979587287,0.524247149,29.58,0
0.114502994,20.4473151,0.2042,0.083702952,0.998556503,0.483917034,39.9,0
